pdb_path,lddt,rmsd,tm_score,smooth_lddt
tokenizer_benchmark/casps/casp15_backbone/T1120-D1.pdb,0.4425554865975116,64.69773864746094,0.01655177241664822,0.1646835207939148
tokenizer_benchmark/casps/casp15_backbone/T1180-D1.pdb,0.30559877743817726,34.64881896972656,0.1648956158655522,0.07665342092514038
tokenizer_benchmark/casps/casp15_backbone/T1131-D1.pdb,0.4139154269195516,23.694026947021484,0.18528517729006938,0.1407967209815979
tokenizer_benchmark/casps/casp15_backbone/T1157s1-D1.pdb,0.3822264779350541,226.62307739257812,0.004642152569838623,0.04141896963119507
tokenizer_benchmark/casps/casp15_backbone/T1124-D1.pdb,0.29676604363335646,51.06326675415039,0.07841075917400381,0.06197178363800049
tokenizer_benchmark/casps/casp15_backbone/T1169-D2.pdb,0.3742857002350673,367.5209045410156,0.003090248613344243,0.018155992031097412
tokenizer_benchmark/casps/casp15_backbone/T1154-D1.pdb,0.37794441883929797,202.46665954589844,0.002334122105342586,0.11005067825317383
tokenizer_benchmark/casps/casp15_backbone/T1110-D1.pdb,0.40194284336715685,23.990646362304688,0.22590241928445806,0.12242919206619263
tokenizer_benchmark/casps/casp15_backbone/T1127-D1.pdb,0.40594939355918025,71.93907928466797,0.019974745773687595,0.10532557964324951
tokenizer_benchmark/casps/casp15_backbone/T1163-D1.pdb,0.3739402083564225,31.243200302124023,0.10546489383863367,0.12889772653579712
tokenizer_benchmark/casps/casp15_backbone/T1178-D1.pdb,0.30670457216205954,24.828136444091797,0.21917721783673322,0.08094847202301025
tokenizer_benchmark/casps/casp15_backbone/T1121-D2.pdb,0.4021547613274494,278.8829650878906,0.0010408943607693626,0.1293690800666809
tokenizer_benchmark/casps/casp15_backbone/T1159-D1.pdb,0.3987418144925754,28.414417266845703,0.13104846477508544,0.15679633617401123
tokenizer_benchmark/casps/casp15_backbone/T1173-D2.pdb,0.3784194800780062,53.913818359375,0.026695798820173238,0.1615176796913147
tokenizer_benchmark/casps/casp15_backbone/T1137s4-D1.pdb,0.3915545469281893,502.59149169921875,0.00023480935086464059,0.169236421585083
tokenizer_benchmark/casps/casp15_backbone/T1150-D1.pdb,0.2824476692936177,44.46488571166992,0.0881088715911253,0.07142490148544312
tokenizer_benchmark/casps/casp15_backbone/T1137s5-D2.pdb,0.5757376149306985,436.86181640625,0.000531354978073776,0.038419365882873535
tokenizer_benchmark/casps/casp15_backbone/T1137s9-D1.pdb,0.3990063847913695,517.0650024414062,0.0004357075916146332,0.06826788187026978
tokenizer_benchmark/casps/casp15_backbone/T1137s1-D1.pdb,0.4300625192412438,479.67193603515625,0.0003201423088709513,0.12517428398132324
tokenizer_benchmark/casps/casp15_backbone/T1170-D1.pdb,0.3991998790514845,329.16064453125,0.0010033268481492996,0.0807572603225708
tokenizer_benchmark/casps/casp15_backbone/T1121-D1.pdb,0.44558816619943303,234.65663146972656,0.0016833168207382669,0.10406368970870972
tokenizer_benchmark/casps/casp15_backbone/T1129s2-D1.pdb,0.3368691764391856,407.03070068359375,0.0012563795221847073,0.04635876417160034
tokenizer_benchmark/casps/casp15_backbone/T1113-D1.pdb,0.4315625,44.98904037475586,0.058811444722249834,0.11715036630630493
tokenizer_benchmark/casps/casp15_backbone/T1187-D1.pdb,0.3907717835262083,43.70870590209961,0.0464739450594274,0.13294070959091187
tokenizer_benchmark/casps/casp15_backbone/T1147-D1.pdb,0.38943533988011736,84.3395767211914,0.00723727241806362,0.2174839973449707
tokenizer_benchmark/casps/casp15_backbone/T1137s5-D1.pdb,0.38954180136494254,468.1985778808594,0.0003112254351595022,0.14072036743164062
tokenizer_benchmark/casps/casp15_backbone/T1170-D2.pdb,0.4632540455325265,359.0503845214844,0.0003027454691214694,0.31872451305389404
tokenizer_benchmark/casps/casp15_backbone/T1137s2-D1.pdb,0.43608050501991663,482.0748291015625,0.0003151912117164407,0.13206720352172852
tokenizer_benchmark/casps/casp15_backbone/T1139-D1.pdb,0.3716748705107536,43.26341247558594,0.07554104045286017,0.08657872676849365
tokenizer_benchmark/casps/casp15_backbone/T1184-D1.pdb,0.3710970853621951,53.59208679199219,0.023807884216308594,0.15960055589675903
tokenizer_benchmark/casps/casp15_backbone/T1160-D1.pdb,0.4089519650655022,14.62341594696045,0.13843220677869073,0.26317858695983887
tokenizer_benchmark/casps/casp15_backbone/T1158-D1.pdb,0.42524186976462114,243.9029083251953,0.0035357831388657646,0.04262375831604004
tokenizer_benchmark/casps/casp15_backbone/T1146-D1.pdb,0.39800078156917773,73.68524932861328,0.024215161586747802,0.092720627784729
tokenizer_benchmark/casps/casp15_backbone/T1188-D1.pdb,0.37538930789287456,40.90483856201172,0.1788355908884844,0.04890477657318115
tokenizer_benchmark/casps/casp15_backbone/T1120-D2.pdb,0.4707947286643264,38.94964599609375,0.05554330132224343,0.21158355474472046
tokenizer_benchmark/casps/casp15_backbone/T1134s1-D1.pdb,0.4018280616024146,64.54778289794922,0.0291890910619211,0.11122500896453857
tokenizer_benchmark/casps/casp15_backbone/T1145-D1.pdb,0.38835681730167715,82.10265350341797,0.007924524220553312,0.20542538166046143
tokenizer_benchmark/casps/casp15_backbone/T1145-D2.pdb,0.3775767440262484,69.49495697021484,0.04935811552974362,0.049205780029296875
tokenizer_benchmark/casps/casp15_backbone/T1186-D1.pdb,0.40158950197305754,27.05430793762207,0.2009962221830508,0.11091524362564087
tokenizer_benchmark/casps/casp15_backbone/T1183-D1.pdb,0.4016600703605981,57.985530853271484,0.030166058662610178,0.12941229343414307
tokenizer_benchmark/casps/casp15_backbone/T1137s6-D1.pdb,0.4290289017341041,502.2001647949219,0.00029441260344145314,0.12741851806640625
tokenizer_benchmark/casps/casp15_backbone/T1133-D1.pdb,0.38120199264482996,33.623897552490234,0.19663425063154225,0.063107430934906
tokenizer_benchmark/casps/casp15_backbone/T1175-D1.pdb,0.3818902669948873,62.69059753417969,0.03243235024538907,0.09160548448562622
tokenizer_benchmark/casps/casp15_backbone/T1109-D1.pdb,0.3984052990282019,19.125301361083984,0.3066874709084769,0.12042027711868286
tokenizer_benchmark/casps/casp15_backbone/T1181-D2.pdb,0.37975034986286876,152.63392639160156,0.010762070020039876,0.04220491647720337
tokenizer_benchmark/casps/casp15_backbone/T1106s2-D1.pdb,0.5092079262268087,46.18047332763672,0.028262454110222893,0.25004053115844727
tokenizer_benchmark/casps/casp15_backbone/T1182-D1.pdb,0.39456646012734925,76.97032928466797,0.03669684897852308,0.05384182929992676
tokenizer_benchmark/casps/casp15_backbone/T1151s2-D1.pdb,0.4450028940767895,45.66433334350586,0.025835797900245303,0.25387632846832275
tokenizer_benchmark/casps/casp15_backbone/T1122-D1.pdb,0.4537103341757933,39.616783142089844,0.10072852424953295,0.09445947408676147
tokenizer_benchmark/casps/casp15_backbone/T1157s2-D2.pdb,0.42080432157447134,181.56661987304688,0.003035649725918396,0.10824525356292725
tokenizer_benchmark/casps/casp15_backbone/T1157s2-D1.pdb,0.4182365479893997,191.9866943359375,0.0015009682414666662,0.21396797895431519
tokenizer_benchmark/casps/casp15_backbone/T1114s3-D1.pdb,0.38764581026208933,314.3737487792969,0.0019668117601271957,0.05849975347518921
tokenizer_benchmark/casps/casp15_backbone/T1154-D2.pdb,0.3762863431312427,207.9963836669922,0.006492705545025671,0.031326889991760254
tokenizer_benchmark/casps/casp15_backbone/T1137s1-D2.pdb,0.5516696365367246,437.7056884765625,0.0005640602981050809,0.036043643951416016
tokenizer_benchmark/casps/casp15_backbone/T1137s3-D1.pdb,0.42452469209613775,502.36029052734375,0.0002905332652114382,0.12504339218139648
tokenizer_benchmark/casps/casp15_backbone/T1152-D1.pdb,0.41525315918921213,34.17837142944336,0.025350573270217232,0.3668568730354309
tokenizer_benchmark/casps/casp15_backbone/T1161-D1.pdb,0.4656638128542144,18.389795303344727,0.11333362261454265,0.25414150953292847
tokenizer_benchmark/casps/casp15_backbone/T1155-D1.pdb,0.43202773341077394,24.057960510253906,0.1163511878565738,0.2066866159439087
tokenizer_benchmark/casps/casp15_backbone/T1137s4-D3.pdb,0.4159156036235903,417.74505615234375,0.00022928572788431838,0.2524266242980957
tokenizer_benchmark/casps/casp15_backbone/T1169-D1.pdb,0.37678430626172543,404.51641845703125,0.0008748284284619318,0.07427328824996948
tokenizer_benchmark/casps/casp15_backbone/T1177-D1.pdb,0.39457533161750147,55.71092987060547,0.0393224895802314,0.10879725217819214
tokenizer_benchmark/casps/casp15_backbone/T1162-D1.pdb,0.3881458702022107,30.48737907409668,0.10760171072823661,0.1470555067062378
tokenizer_benchmark/casps/casp15_backbone/T1174-D1.pdb,0.4187300809021819,62.141048431396484,0.03213965892791748,0.06528007984161377
tokenizer_benchmark/casps/casp15_backbone/T1137s2-D2.pdb,0.623344816449564,443.8307800292969,0.0004620793246731316,0.0388069748878479
tokenizer_benchmark/casps/casp15_backbone/T1137s4-D2.pdb,0.5625597375423006,445.2707214355469,0.0005348890385729201,0.03503429889678955
tokenizer_benchmark/casps/casp15_backbone/T1137s8-D1.pdb,0.4553588992052876,511.36572265625,0.00042747287636259163,0.0728980302810669
tokenizer_benchmark/casps/casp15_backbone/T1137s3-D2.pdb,0.6601581165023239,445.8117980957031,0.0003989403385941575,0.08385330438613892
tokenizer_benchmark/casps/casp15_backbone/T1169-D3.pdb,0.3912683454134734,335.9178161621094,0.0014300607980932678,0.054293930530548096
tokenizer_benchmark/casps/casp15_backbone/T1158-D2.pdb,0.43495710863793985,225.12794494628906,0.004376803039499318,0.04240983724594116
tokenizer_benchmark/casps/casp15_backbone/T1157s2-D3.pdb,0.42481298607726375,226.95944213867188,0.0013695228184368593,0.16123509407043457
tokenizer_benchmark/casps/casp15_backbone/T1106s1-D1.pdb,0.5372020022058199,39.61484146118164,0.03357938309790383,0.19737035036087036
tokenizer_benchmark/casps/casp15_backbone/T1123-D1.pdb,0.37260458399834967,45.69715118408203,0.054341801973146815,0.1188817024230957
tokenizer_benchmark/casps/casp15_backbone/T1130-D1.pdb,0.42625886300900284,29.464086532592773,0.13795727903737962,0.14137238264083862
tokenizer_benchmark/casps/casp15_backbone/T1176-D1.pdb,0.42682654768544337,57.062007904052734,0.029160564086016486,0.09983271360397339
tokenizer_benchmark/casps/casp15_backbone/T1194-D1.pdb,0.37583994861490827,39.98906326293945,0.05778871263776507,0.1374262571334839
tokenizer_benchmark/casps/casp15_backbone/T1174-D2.pdb,0.39786268532631286,55.22152328491211,0.023687847325059234,0.17246991395950317
tokenizer_benchmark/casps/casp15_backbone/T1104-D1.pdb,0.466082057340179,27.921932220458984,0.10110801305526342,0.2334972620010376
tokenizer_benchmark/casps/casp15_backbone/T1114s1-D1.pdb,0.670585469080649,265.4858093261719,0.0004689881888528665,0.24017298221588135
tokenizer_benchmark/casps/casp15_backbone/T1112-D1.pdb,0.3973129820532661,40.341854095458984,0.14763143788213315,0.06062263250350952
tokenizer_benchmark/casps/casp15_backbone/T1134s2-D1.pdb,0.40821529745042495,71.10443115234375,0.025125111053136282,0.09697228670120239
tokenizer_benchmark/casps/casp15_backbone/T1125-D6.pdb,0.4267736117184084,81.82049560546875,0.005496734922582453,0.287075400352478
tokenizer_benchmark/casps/casp15_backbone/T1137s7-D1.pdb,0.3983343974009811,550.54345703125,0.00042399153113365174,0.059394896030426025
tokenizer_benchmark/casps/casp15_backbone/T1179-D1.pdb,0.37567962094381163,20.91856575012207,0.27570657881479416,0.09662997722625732
tokenizer_benchmark/casps/casp15_backbone/T1137s6-D2.pdb,0.5466343600637281,444.79095458984375,0.0005592620901523098,0.03498280048370361
tokenizer_benchmark/casps/casp15_backbone/T1114s2-D1.pdb,0.3903418284075092,289.39776611328125,0.0016250950949532644,0.07648253440856934
tokenizer_benchmark/casps/casp15_backbone/T1125-D1.pdb,0.43049362293824317,97.46503448486328,0.00741280281721656,0.1592921018600464
tokenizer_benchmark/casps/casp15_backbone/T1173-D1.pdb,0.427588085724664,21.797040939331055,0.1039591912300356,0.23750656843185425
tokenizer_benchmark/casps/casp15_backbone/T1169-D4.pdb,0.3837774503182497,297.93035888671875,0.0022328848136770564,0.03871101140975952
tokenizer_benchmark/casps/casp15_backbone/T1153-D1.pdb,0.39135604946813113,36.927589416503906,0.11389447346386347,0.10444170236587524
tokenizer_benchmark/casps/casp15_backbone/T1181-D1.pdb,0.4046974693526418,229.78599548339844,0.0008897950703447515,0.22526901960372925
tokenizer_benchmark/casps/casp15_backbone/T1132-D1.pdb,0.5193246939307111,78.44705963134766,0.00870949394848882,0.25277066230773926
