pdb_path,lddt,rmsd,tm_score,smooth_lddt
tokenizer_benchmark/casps/casp15_backbone/T1120-D1.pdb,0.8019549605461477,64.67398071289062,0.015134068868928036,0.6763933897018433
tokenizer_benchmark/casps/casp15_backbone/T1180-D1.pdb,0.8846762989719367,36.01118850708008,0.22725463226398457,0.7332632541656494
tokenizer_benchmark/casps/casp15_backbone/T1131-D1.pdb,0.30656860325742086,25.642169952392578,0.16180451908466978,0.382030725479126
tokenizer_benchmark/casps/casp15_backbone/T1157s1-D1.pdb,0.7713205661948377,230.2682342529297,0.00441173417845941,0.5805564522743225
tokenizer_benchmark/casps/casp15_backbone/T1124-D1.pdb,0.8651034767921844,61.358333587646484,0.10096373381438078,0.7057487368583679
tokenizer_benchmark/casps/casp15_backbone/T1154-D1.pdb,0.3614488222324643,204.97064208984375,0.0023185437772332168,0.37817537784576416
tokenizer_benchmark/casps/casp15_backbone/T1110-D1.pdb,0.9488620175765412,32.70569610595703,0.16253384206090038,0.7576977610588074
tokenizer_benchmark/casps/casp15_backbone/T1127-D1.pdb,0.8653693911692657,76.26228332519531,0.020563546622671732,0.7119441032409668
tokenizer_benchmark/casps/casp15_backbone/T1163-D1.pdb,0.8292280837858805,36.819580078125,0.07806953139927077,0.6889020204544067
tokenizer_benchmark/casps/casp15_backbone/T1178-D1.pdb,0.1895214506535534,31.65084457397461,0.15527292887369792,0.22399014234542847
tokenizer_benchmark/casps/casp15_backbone/T1121-D2.pdb,0.8423370997203498,280.8984069824219,0.001025516539812088,0.516028106212616
tokenizer_benchmark/casps/casp15_backbone/T1159-D1.pdb,0.7624319795861899,30.878307342529297,0.1406790018081665,0.6647152900695801
tokenizer_benchmark/casps/casp15_backbone/T1173-D2.pdb,0.3330873275723257,53.519554138183594,0.026349568031203578,0.3933156132698059
tokenizer_benchmark/casps/casp15_backbone/T1137s4-D1.pdb,0.908865564381045,507.21820068359375,0.00023019268851855705,0.7418428063392639
tokenizer_benchmark/casps/casp15_backbone/T1150-D1.pdb,0.901124238556975,45.10512924194336,0.13214087281322753,0.7309038043022156
tokenizer_benchmark/casps/casp15_backbone/T1137s5-D2.pdb,0.7595375325922876,434.0167541503906,0.0005615993120551649,0.25533008575439453
tokenizer_benchmark/casps/casp15_backbone/T1137s9-D1.pdb,0.9100409698756545,519.9974975585938,0.00043033181496386256,0.24659961462020874
tokenizer_benchmark/casps/casp15_backbone/T1137s1-D1.pdb,0.8690233736708741,481.7498779296875,0.0003166094422340393,0.7192181348800659
tokenizer_benchmark/casps/casp15_backbone/T1170-D1.pdb,0.884401130403433,333.076171875,0.0010052464281519254,0.5120663642883301
tokenizer_benchmark/casps/casp15_backbone/T1121-D1.pdb,0.38538159151775225,238.19813537597656,0.0016851017669755586,0.31480228900909424
tokenizer_benchmark/casps/casp15_backbone/T1129s2-D1.pdb,0.17012963294664715,411.8937683105469,0.0012373208576154963,0.15757489204406738
tokenizer_benchmark/casps/casp15_backbone/T1113-D1.pdb,0.4195440573770492,50.72386169433594,0.05512398017380766,0.3842768669128418
tokenizer_benchmark/casps/casp15_backbone/T1187-D1.pdb,0.9185627978216474,46.33097457885742,0.0550093767119617,0.7433697581291199
tokenizer_benchmark/casps/casp15_backbone/T1147-D1.pdb,0.9243001530417039,84.7088394165039,0.006767738124598627,0.7471400499343872
tokenizer_benchmark/casps/casp15_backbone/T1137s5-D1.pdb,0.8369308997844828,470.2134704589844,0.00030935566573247423,0.7227120399475098
tokenizer_benchmark/casps/casp15_backbone/T1170-D2.pdb,0.9063383873510455,358.4092712402344,0.0003036133324106534,0.7361224293708801
tokenizer_benchmark/casps/casp15_backbone/T1137s2-D1.pdb,0.9023678632160078,481.4482116699219,0.00031578580805119254,0.7425622344017029
tokenizer_benchmark/casps/casp15_backbone/T1139-D1.pdb,0.6502032380887044,39.935096740722656,0.08467720161050053,0.588836133480072
tokenizer_benchmark/casps/casp15_backbone/T1184-D1.pdb,0.26665589735305656,58.52128982543945,0.019946659088134765,0.33645427227020264
tokenizer_benchmark/casps/casp15_backbone/T1160-D1.pdb,0.46149927219796216,17.07524299621582,0.11988520622253418,0.6390379071235657
tokenizer_benchmark/casps/casp15_backbone/T1158-D1.pdb,0.7992125611189024,242.90757751464844,0.0034518291824285233,0.5586963891983032
tokenizer_benchmark/casps/casp15_backbone/T1146-D1.pdb,0.873492370819049,73.87773132324219,0.0285145629691394,0.7085812091827393
tokenizer_benchmark/casps/casp15_backbone/T1188-D1.pdb,0.8007926176249096,54.03892517089844,0.1424214894026778,0.6770592927932739
tokenizer_benchmark/casps/casp15_backbone/T1120-D2.pdb,0.4559690970823502,44.14848327636719,0.06918171102350408,0.5359605550765991
tokenizer_benchmark/casps/casp15_backbone/T1134s1-D1.pdb,0.9478391615349747,63.808326721191406,0.024980288926170383,0.752074658870697
tokenizer_benchmark/casps/casp15_backbone/T1145-D1.pdb,0.883203253001281,80.55155944824219,0.00825497598359079,0.7285372614860535
tokenizer_benchmark/casps/casp15_backbone/T1145-D2.pdb,0.6058215089413018,73.71318054199219,0.03941232720935728,0.5459519624710083
tokenizer_benchmark/casps/casp15_backbone/T1186-D1.pdb,0.9762106238944074,34.40450668334961,0.11598718120324565,0.773070752620697
tokenizer_benchmark/casps/casp15_backbone/T1183-D1.pdb,0.9504145325676445,61.16997146606445,0.02554938732049404,0.7519762516021729
tokenizer_benchmark/casps/casp15_backbone/T1137s6-D1.pdb,0.8972254335260116,503.3058166503906,0.00029181407776889424,0.7374312281608582
tokenizer_benchmark/casps/casp15_backbone/T1133-D1.pdb,0.9285959403579211,40.43328094482422,0.1450958251953125,0.7507953643798828
tokenizer_benchmark/casps/casp15_backbone/T1175-D1.pdb,0.8744058890361673,62.5490837097168,0.029936904256994076,0.7043609023094177
tokenizer_benchmark/casps/casp15_backbone/T1109-D1.pdb,0.9320031580536172,25.75067710876465,0.22719944748923043,0.7280048727989197
tokenizer_benchmark/casps/casp15_backbone/T1181-D2.pdb,0.7052259945297581,155.89125061035156,0.009630250930786132,0.5672515630722046
tokenizer_benchmark/casps/casp15_backbone/T1106s2-D1.pdb,0.9596278405972115,49.664634704589844,0.029546471329422685,0.7637435793876648
tokenizer_benchmark/casps/casp15_backbone/T1182-D1.pdb,0.746267090878727,86.17377471923828,0.03328493715242575,0.6526785492897034
tokenizer_benchmark/casps/casp15_backbone/T1151s2-D1.pdb,0.8252942311402662,44.641448974609375,0.027998640423729307,0.7170384526252747
tokenizer_benchmark/casps/casp15_backbone/T1122-D1.pdb,0.3775414209491716,45.61378860473633,0.08946990137514861,0.40477490425109863
tokenizer_benchmark/casps/casp15_backbone/T1157s2-D2.pdb,0.871762673107063,183.07801818847656,0.002980754397431826,0.6342583894729614
tokenizer_benchmark/casps/casp15_backbone/T1157s2-D1.pdb,0.8626929945846296,191.38385009765625,0.0015372725309066053,0.7110666036605835
tokenizer_benchmark/casps/casp15_backbone/T1114s3-D1.pdb,0.8747416020671834,318.5818176269531,0.0019450733768544932,0.5096778869628906
tokenizer_benchmark/casps/casp15_backbone/T1137s1-D2.pdb,0.6486867478702371,444.1891174316406,0.0005589287728071212,0.2579357624053955
tokenizer_benchmark/casps/casp15_backbone/T1137s3-D1.pdb,0.9136254932440512,500.21734619140625,0.0002921300146403729,0.748272180557251
tokenizer_benchmark/casps/casp15_backbone/T1152-D1.pdb,0.9385972351793741,37.14659118652344,0.023384436317112133,0.7552542090415955
tokenizer_benchmark/casps/casp15_backbone/T1161-D1.pdb,0.6519956589895092,15.874934196472168,0.16175768772761026,0.5222429037094116
tokenizer_benchmark/casps/casp15_backbone/T1155-D1.pdb,0.4105107448816611,22.97295570373535,0.10546276694849918,0.36708366870880127
tokenizer_benchmark/casps/casp15_backbone/T1137s4-D3.pdb,0.308490478831577,419.3741149902344,0.00022801145206432084,0.49460679292678833
tokenizer_benchmark/casps/casp15_backbone/T1169-D1.pdb,0.5983917452894315,407.47100830078125,0.0008663928163224373,0.5426515936851501
tokenizer_benchmark/casps/casp15_backbone/T1177-D1.pdb,0.8578790455005998,60.035377502441406,0.0589233107630982,0.7044175267219543
tokenizer_benchmark/casps/casp15_backbone/T1162-D1.pdb,0.6321622327308596,32.94700241088867,0.09056430203574044,0.5570953488349915
tokenizer_benchmark/casps/casp15_backbone/T1174-D1.pdb,0.7839748304322955,55.707401275634766,0.037343479968883375,0.6687188744544983
tokenizer_benchmark/casps/casp15_backbone/T1137s2-D2.pdb,0.8697922273657014,452.70819091796875,0.00045091505210424207,0.24834930896759033
tokenizer_benchmark/casps/casp15_backbone/T1137s4-D2.pdb,0.7583180491333212,442.0191345214844,0.0005477143094894734,0.17742693424224854
tokenizer_benchmark/casps/casp15_backbone/T1137s8-D1.pdb,0.8914450389487765,513.0558471679688,0.00042313482775631177,0.2597150206565857
tokenizer_benchmark/casps/casp15_backbone/T1137s3-D2.pdb,0.8841818339776726,449.9375915527344,0.00039898522379921704,0.5093149542808533
tokenizer_benchmark/casps/casp15_backbone/T1169-D3.pdb,0.728545047604529,336.02130126953125,0.0014467526255105797,0.6344255805015564
tokenizer_benchmark/casps/casp15_backbone/T1158-D2.pdb,0.8328166480746448,231.08680725097656,0.004117655311828922,0.5887614488601685
tokenizer_benchmark/casps/casp15_backbone/T1157s2-D3.pdb,0.9103657632075272,230.0403289794922,0.0013511836106050099,0.7237390875816345
tokenizer_benchmark/casps/casp15_backbone/T1106s1-D1.pdb,0.8634088402477306,44.786293029785156,0.02733790034979162,0.6825605630874634
tokenizer_benchmark/casps/casp15_backbone/T1123-D1.pdb,0.19418205704483024,47.208377838134766,0.07498341854487624,0.274239182472229
tokenizer_benchmark/casps/casp15_backbone/T1130-D1.pdb,0.40460425424432134,30.206228256225586,0.12637974481162784,0.4561910629272461
tokenizer_benchmark/casps/casp15_backbone/T1176-D1.pdb,0.799882877858338,58.410362243652344,0.02831571242388557,0.47566932439804077
tokenizer_benchmark/casps/casp15_backbone/T1194-D1.pdb,0.877561019796436,47.6149787902832,0.051219300453707296,0.7248270511627197
tokenizer_benchmark/casps/casp15_backbone/T1174-D2.pdb,0.7358147429679922,59.197593688964844,0.027036233026473247,0.6307193636894226
tokenizer_benchmark/casps/casp15_backbone/T1104-D1.pdb,0.8160468444727157,33.90623474121094,0.055547127356896035,0.6879260540008545
tokenizer_benchmark/casps/casp15_backbone/T1114s1-D1.pdb,0.9092405360921703,268.2177734375,0.0004625211159388224,0.7299449443817139
tokenizer_benchmark/casps/casp15_backbone/T1112-D1.pdb,0.8500911065072511,42.9969482421875,0.10419188789699389,0.7003173232078552
tokenizer_benchmark/casps/casp15_backbone/T1134s2-D1.pdb,0.8629853998692526,73.26023864746094,0.027878503076436287,0.6668363213539124
tokenizer_benchmark/casps/casp15_backbone/T1125-D6.pdb,0.4427880411018802,84.74779510498047,0.005316242124095108,0.5082976222038269
tokenizer_benchmark/casps/casp15_backbone/T1137s7-D1.pdb,0.81873540274287,550.4055786132812,0.00042378246784210207,0.2200300693511963
tokenizer_benchmark/casps/casp15_backbone/T1179-D1.pdb,0.20175169905235954,27.38291358947754,0.19934378729926217,0.2758908271789551
tokenizer_benchmark/casps/casp15_backbone/T1137s6-D2.pdb,0.6928272703133298,443.3000793457031,0.0005827245693052969,0.2694895267486572
tokenizer_benchmark/casps/casp15_backbone/T1114s2-D1.pdb,0.7275900320066698,288.300537109375,0.0016707363335982614,0.48375195264816284
tokenizer_benchmark/casps/casp15_backbone/T1125-D1.pdb,0.4042002301495972,101.50318145751953,0.006783569037024655,0.44307786226272583
tokenizer_benchmark/casps/casp15_backbone/T1173-D1.pdb,0.9415001816200509,25.68490982055664,0.07984293660809917,0.7580277919769287
tokenizer_benchmark/casps/casp15_backbone/T1169-D4.pdb,0.547088935961196,302.3376159667969,0.002189529557528961,0.3863874673843384
tokenizer_benchmark/casps/casp15_backbone/T1153-D1.pdb,0.8307856957536971,39.56417465209961,0.08123245529348859,0.6763120889663696
tokenizer_benchmark/casps/casp15_backbone/T1181-D1.pdb,0.876388988457954,231.8213348388672,0.0008782915432344784,0.7360233664512634
tokenizer_benchmark/casps/casp15_backbone/T1132-D1.pdb,0.9040521620213597,79.85521697998047,0.008493289655568649,0.7399547696113586
